trg_pattern,abx,number_of_isolates,method_agreement,overall_agreement
blaCTX-M-15_1_AY044436|1|1|1|1,blm,99,1:1:1:1,True
blaOXA-1_1_HQ170510|1|1|1|1,blm,110,1:1:1:1,True
aac(6')-Ib-cr_1_DQ303918|1|1|1|1,ami,89,1:1:1:1,True
aac(3)-IIa_1_X51534|1|1|1|1,ami,25,1:1:1:1,True
aadA5_1_AF137361|1|1|1|1,ami,214,1:1:1:1,True
sul1_2_U12338:sul1_5_EU780013|0:1|1:0|1:0|1:0,sul,360,1:2:2:2,False
dfrA17_1_FJ460238|1|1|1|1,tri,257,1:1:1:1,True
blaTEM-1B_1_AY458016|1|1|1|1,blm,670,1:1:1:1,True
aph(3'')-Ib_5_AF321551|1|1|1|1,ami,472,1:1:1:1,True
aph(6)-Id_1_M28829|1|1|1|1,ami,438,1:1:1:1,True
sul2_3_HQ840942|1|1|1|1,sul,255,1:1:1:1,True
aph(3')-Ia_1_V00359|1|1|1|1,ami,71,1:1:1:1,True
blaTEM-1D_1_AF188200|1|1|1|1,blm,19,1:1:1:1,True
blaTEM-1A_1_HM749966:blaTEM-1B_1_AY458016|0:1|1:0|0:1|0:1,blm,1,1:2:1:1,False
aadA11_2_AJ567827:aadA15_1_DQ393783:aadA1_3_JQ414041:aadA24_1_AM711129:aadA2_1_NC_010870:aadA2_2_JQ364967:ant(3'')-Ia_1_X02340|0:0:0:0:1:0:1|0:0:1:0:0:1:0|0:0:0:0:0:1:1|1:1:1:1:0:1:0,ami,13,1:2:3:4,False
sul2_2_AY034138|1|1|1|1,sul,281,1:1:1:1,True
sul3_2_AJ459418|1|1|1|1,sul,157,1:1:1:1,True
dfrA12_8_AM040708|1|1|1|1,tri,118,1:1:1:1,True
dfrA1_10_AF203818:dfrA1_5_EU089668:dfrA1_7_AJ400733:dfrA1_8_X00926:dfrA1_9_AJ238350|0:0:0:1:0|1:0:0:0:0|0:1:0:0:0|0:0:1:0:1,tri,10,1:2:3:4,False
aadA11_2_AJ567827:aadA13_1_AY713504:aadA15_1_DQ393783:aadA1_3_JQ414041:aadA24_1_AM711129:aadA2_1_NC_010870:aadA2b_1_D43625:ant(3'')-Ia_1_X02340|0:0:0:0:0:1:0:1|0:1:0:1:0:0:1:0|0:0:0:1:0:1:0:0|1:0:1:1:1:1:0:0,ami,5,1:2:3:4,False
aadA11_2_AJ567827:aadA12_1_AY665771:aadA13_1_AY713504:aadA17_1_FJ460181:aadA1_2_FJ591054:aadA1_5_JX185132:aadA24_1_AM711129:ant(3'')-Ia_1_X02340|0:0:0:0:0:0:0:1|0:0:1:0:0:1:0:0|0:0:0:0:0:0:0:1|1:1:0:1:1:0:1:0,ami,1,1:2:1:3,False
aph(3'')-Ib_2_AF024602:aph(3'')-Ib_3_AF321550|1:0|0:1|1:0|1:0,ami,30,1:2:1:1,False
dfrA30_1_AM997279:dfrA5_1_X12868|0:1|0:1|0:1|1:1,tri,71,1:1:1:2,False
qnrS1_1_AB187515:qnrS6_1_HQ631376|1:0|1:0|1:0|1:1,qui,52,1:1:1:2,False
aadA11_2_AJ567827:aadA15_1_DQ393783:aadA1_5_JX185132:aadA24_1_AM711129:aadA2_1_NC_010870:aadA2_2_JQ364967:ant(3'')-Ia_1_X02340|0:0:0:0:1:0:1|0:0:1:0:0:1:0|0:0:0:0:0:1:1|1:1:0:1:0:1:1,ami,1,1:2:3:4,False
sul1_2_U12338:sul1_39_AY522923:sul1_5_EU780013|0:0:1|0:1:0|0:1:0|1:0:0,sul,9,1:2:2:3,False
dfrA7_1_AB161450:dfrA7_5_AJ419170|0:1|1:0|1:0|1:0,tri,20,1:2:2:2,False
dfrA14_1_KF921535:dfrA14_5_DQ388123|0:1|1:0|1:0|1:0,tri,53,1:2:2:2,False
aph(3'')-Ib_5_AF321551|1|0|1|1,ami,31,1:2:1:1,False
dfrA14_4_AF393510:dfrA14_5_DQ388123|0:1|1:0|1:0|1:0,tri,32,1:2:2:2,False
aadA11_2_AJ567827:aadA12_1_AY665771:aadA17_1_FJ460181:aadA1_5_JX185132:aadA24_1_AM711129:ant(3'')-Ia_1_X02340|0:0:0:0:0:1|0:0:0:1:0:0|0:0:0:0:0:1|1:1:1:0:1:1,ami,4,1:2:1:3,False
blaTEM-1C_1_FJ560503|1|1|1|1,blm,103,1:1:1:1,True
aac(3)-IIa_1_X51534:aac(3)-IIe_1_EU022315|1:0|1:0|0:1|1:0,ami,15,1:1:2:1,False
aadA11_2_AJ567827:aadA12_1_AY665771:aadA23_1_AJ809407:aadA2_1_NC_010870:aadA2_2_JQ364967|0:0:0:1:0|0:0:0:0:1|0:0:0:0:1|1:1:1:0:1,ami,20,1:2:2:3,False
blaTEM-1C_1_FJ560503:blaTEM-1D_1_AF188200|0:1|0:1|1:1|0:1,blm,1,1:1:2:1,False
aph(3'')-Ib_5_AF321551|0|1|1|1,ami,2,1:2:2:2,False
aph(6)-Id_1_M28829|0|1|1|1,ami,2,1:2:2:2,False
sul2_2_AY034138|0|1|1|1,sul,1,1:2:2:2,False
blaCTX-M-14b_1_DQ359215:blaCTX-M-16_1_AY029068|1:0|1:0|0:1|1:0,blm,1,1:1:2:1,False
aph(6)-Id_1_M28829:aph(6)-Id_4_CP000971|1:0|0:1|0:1|0:1,ami,98,1:2:2:2,False
aadA11_2_AJ567827:aadA12_1_AY665771:aadA17_1_FJ460181:aadA1_4_JQ480156:ant(3'')-Ia_1_X02340|0:0:0:0:1|0:0:0:1:0|0:0:0:1:0|1:1:1:1:0,ami,3,1:2:2:3,False
dfrA1_7_AJ400733:dfrA1_8_X00926|0:1|0:1|0:1|1:1,tri,95,1:1:1:2,False
aac(3)-IId_1_EU022314|1|1|1|1,ami,97,1:1:1:1,True
blaSHV-100_1_AM941846:blaSHV-12_1_KF976405:blaSHV-154_1_JX121121|0:1:0|0:1:1|0:1:0|1:1:0,blm,5,1:2:1:3,False
blaSHV-100_1_AM941846:blaSHV-12_1_KF976405:blaSHV-165_1_JX121131|0:1:0|0:1:1|0:1:0|1:1:0,blm,4,1:2:1:3,False
qnrS1_1_AB187515|1|1|1|1,qui,5,1:1:1:1,True
aadA11_2_AJ567827:aadA12_1_AY665771:aadA23_1_AJ809407:aadA2_1_NC_010870:aadA2b_1_D43625|0:0:0:1:0|0:0:0:0:1|0:0:0:1:0|1:1:1:1:0,ami,6,1:2:1:3,False
oqxB_1_EU370913|1|0|1|0,qui,5,1:2:1:2,False
aph(3'')-Ib_2_AF024602:aph(3'')-Ib_5_AF321551|1:0|0:1|0:1|0:1,ami,3,1:2:2:2,False
aph(3')-IIa_2_V00618|1|1|1|1,ami,6,1:1:1:1,True
aph(3')-Ia_1_V00359:aph(3')-Ia_3_EF015636|1:0|0:1|1:0|1:0,ami,4,1:2:1:1,False
aadA12_1_AY665771:aadA17_1_FJ460181:aadA1_3_JQ414041:aadA24_1_AM711129:ant(3'')-Ia_1_X02340|0:0:0:0:1|0:0:1:0:0|0:0:0:0:1|1:1:1:1:0,ami,3,1:2:1:3,False
blaCTX-M-1_1_DQ915955|1|1|1|1,blm,12,1:1:1:1,True
sul2_2_AY034138:sul2_9_FJ197818|1:0|1:0|1:0|0:1,sul,31,1:1:1:2,False
aadA11_2_AJ567827:aadA12_1_AY665771:aadA13_1_AY713504:aadA17_1_FJ460181:aadA1_5_JX185132:aadA24_1_AM711129:ant(3'')-Ia_1_X02340|0:0:0:0:0:0:1|0:0:1:0:1:0:0|0:0:0:0:1:0:0|1:1:0:1:1:1:0,ami,11,1:2:3:4,False
dfrA1_10_AF203818:dfrA1_5_EU089668:dfrA1_7_AJ400733:dfrA1_8_X00926|0:0:0:1|1:0:0:0|0:1:0:0|1:0:1:0,tri,7,1:2:3:4,False
aadA11_2_AJ567827:aadA12_1_AY665771:aadA1_3_JQ414041:aadA24_1_AM711129:aadA2_1_NC_010870:aadA2b_1_D43625:ant(3'')-Ia_1_X02340|0:0:0:0:1:0:1|0:0:1:0:0:1:0|0:0:1:0:1:0:0|1:1:1:1:1:0:0,ami,6,1:2:3:4,False
dfrA8_1_U10186|1|1|1|1,tri,12,1:1:1:1,True
aadA11_2_AJ567827:aadA15_1_DQ393783:aadA1_3_JQ414041:aadA24_1_AM711129:aadA2_1_NC_010870:aadA2b_1_D43625:ant(3'')-Ia_1_X02340|0:0:0:0:1:0:1|0:0:1:0:0:1:0|0:0:1:0:1:0:0|1:1:1:1:1:0:0,ami,17,1:2:3:4,False
qnrB19_1_EU432277:qnrB54_1_HE820727|1:0|1:0|1:0|1:1,qui,4,1:1:1:2,False
aadA11_2_AJ567827:aadA15_1_DQ393783:aadA1_3_JQ414041:aadA24_1_AM711129:aadA2_1_NC_010870:aadA2_2_JQ364967:ant(3'')-Ia_1_X02340|0:0:0:0:1:0:1|0:0:1:0:0:1:0|0:0:1:0:0:1:0|1:1:1:1:0:1:0,ami,30,1:2:2:3,False
blaLEN12_1_AJ635406:blaSHV-100_1_AM941846:blaSHV-153_1_JX121120:blaSHV-1_1_AF148850:blaSHV-48_1_AY263404|0:0:0:0:1|0:0:1:1:0|0:0:0:1:0|1:1:0:1:0,blm,5,1:2:3:4,False
aadA11_2_AJ567827:aadA15_1_DQ393783:aadA17_1_FJ460181:aadA1_3_JQ414041:aadA1_5_JX185132:aadA24_1_AM711129:ant(3'')-Ia_1_X02340|0:0:0:0:0:0:1|0:0:0:0:1:0:0|0:0:0:0:0:0:1|1:1:1:1:0:1:0,ami,1,1:2:1:3,False
blaNDM-7_1_JX262694|1|1|1|1,blm,1,1:1:1:1,True
aac(3)-IV_1_DQ241380:aac(3)-IVa_1_X01385|0:1|1:0|1:0|1:0,ami,25,1:2:2:2,False
aadA11_2_AJ567827:aadA13_1_AY713504:aadA15_1_DQ393783:aadA1_5_JX185132:aadA24_1_AM711129:aadA2_1_NC_010870:aadA2b_1_D43625:ant(3'')-Ia_1_X02340|0:0:0:0:0:1:0:1|0:1:0:1:0:0:1:0|0:0:0:0:0:1:0:1|1:0:1:1:1:1:0:0,ami,1,1:2:1:3,False
aph(4)-Ia_1_V01499|1|1|1|1,ami,25,1:1:1:1,True
dfrA1_5_EU089668:dfrA1_7_AJ400733:dfrA1_8_X00926:dfrA1_9_AJ238350|0:0:1:0|0:0:1:0|1:0:0:0|0:1:0:1,tri,4,1:1:2:3,False
aadA12_1_AY665771:aadA17_1_FJ460181:aadA1_4_JQ480156:aadA24_1_AM711129:ant(3'')-Ia_1_X02340|0:0:0:0:1|0:0:1:0:0|0:0:1:0:0|1:1:1:1:0,ami,21,1:2:2:3,False
blaLEN12_1_AJ635406:blaSHV-100_1_AM941846:blaSHV-153_1_JX121120:blaSHV-1_1_AF148850:blaSHV-48_1_AY263404|0:0:0:0:1|0:0:1:0:1|0:0:0:1:0|1:1:0:1:0,blm,6,1:2:3:4,False
aadA11_2_AJ567827:aadA12_1_AY665771:aadA17_1_FJ460181:aadA1_3_JQ414041:aadA24_1_AM711129:ant(3'')-Ia_1_X02340|0:0:0:0:0:1|0:0:0:1:0:0|0:0:0:0:0:1|1:1:1:0:1:1,ami,4,1:2:1:3,False
aadA12_1_AY665771:aadA17_1_FJ460181:aadA24_1_AM711129:ant(3'')-Ia_1_X02340|0:0:0:1|0:0:1:0|0:0:0:1|1:1:1:1,ami,2,1:2:1:3,False
aadA12_1_AY665771:aadA13_1_AY713504:aadA17_1_FJ460181:aadA22_1_AM261837:ant(3'')-Ia_1_X02340|0:0:0:0:1|0:1:0:0:1|0:0:0:0:1|1:0:1:1:0,ami,1,1:2:1:3,False
blaCMY-138_1_KT997883:blaCMY-14_1_AJ555825:blaCMY-16_1_AJ781421:blaCMY-2_1_X91840:blaCMY-68_1_JN714480|0:0:0:1:0|0:0:1:0:0|1:0:0:0:0|0:1:0:0:1,blm,1,1:2:3:4,False
aadA11_2_AJ567827:aadA15_1_DQ393783:aadA1_3_JQ414041:aadA24_1_AM711129:aadA2_1_NC_010870:aadA2_2_JQ364967:aadA5_1_AF137361:ant(3'')-Ia_1_X02340|0:0:0:0:1:0:1:1|0:0:1:0:0:1:1:0|0:0:0:0:0:1:1:1|1:1:1:1:0:1:1:0,ami,6,1:2:3:4,False
blaTEM-1B_1_AY458016|0|0|1|1,blm,1,1:1:2:2,False
blaTEM-1A_1_HM749966|1|1|1|1,blm,45,1:1:1:1,True
aadA11_2_AJ567827:aadA13_1_AY713504:aadA15_1_DQ393783:aadA17_1_FJ460181:aadA1_3_JQ414041:aadA24_1_AM711129:ant(3'')-Ia_1_X02340|0:0:0:0:0:0:1|0:1:0:0:1:0:0|0:0:0:0:0:0:1|1:0:1:1:1:1:0,ami,1,1:2:1:3,False
aph(6)-Id_1_M28829:aph(6)-Id_4_CP000971|1:0|0:1|1:0|1:0,ami,41,1:2:1:1,False
sul2_13_AJ289135|1|0|1|0,sul,1,1:2:1:2,False
aadA11_2_AJ567827:aadA12_1_AY665771:aadA17_1_FJ460181:aadA1_5_JX185132:aadA24_1_AM711129:ant(3'')-Ia_1_X02340|0:0:0:0:0:1|0:0:0:1:0:0|0:0:0:1:0:0|1:1:1:1:1:0,ami,31,1:2:2:3,False
aph(3'')-Ib_4_AF313472:aph(3'')-Ib_2_AF024602|0:1|1:0|0:1|0:1,ami,7,1:2:1:1,False
dfrA1_10_AF203818:dfrA1_5_EU089668:dfrA1_7_AJ400733:dfrA1_8_X00926|0:0:0:1|0:0:0:1|0:1:0:0|1:0:1:0,tri,14,1:1:2:3,False
sul1_2_U12338:sul1_5_EU780013|0:1|1:0|0:1|1:0,sul,36,1:2:1:2,False
dfrA5_1_X12868:dfrA5_2_FJ001870|0:0|0:1|0:0|1:0,tri,1,1:2:1:3,False
aadA11_2_AJ567827:aadA13_1_AY713504:aadA15_1_DQ393783:aadA1_3_JQ414041:aadA24_1_AM711129:aadA2_1_NC_010870:aadA2_2_JQ364967:ant(3'')-Ia_1_X02340|0:0:0:0:0:1:0:1|0:1:0:1:0:0:1:0|0:0:0:0:0:0:1:1|1:0:1:1:1:0:1:0,ami,2,1:2:3:4,False
aadA12_1_AY665771:aadA13_1_AY713504:aadA17_1_FJ460181:aadA1_3_JQ414041:aadA24_1_AM711129:aadA24_1_DQ677333:ant(3'')-Ia_1_X02340|0:0:0:0:0:0:1|0:1:0:1:0:0:0|0:0:0:0:0:0:1|1:0:1:0:1:1:0,ami,1,1:2:1:3,False
dfrA17_1_FJ460238:dfrA7_4_FN563072|1:0|1:0|1:0|1:1,tri,6,1:1:1:2,False
dfrA1_5_EU089668:dfrA1_7_AJ400733:dfrA1_8_X00926|0:0:1|0:0:1|1:0:0|0:1:1,tri,9,1:1:2:3,False
blaTEM-1B_1_AY458016:blaTEM-1D_1_AF188200|1:0|1:0|1:1|1:0,blm,1,1:1:2:1,False
aph(3')-Ia_7_X62115|1|1|1|1,ami,3,1:1:1:1,True
aadA11_2_AJ567827:aadA12_1_AY665771:aadA17_1_FJ460181:aadA22_1_AM261837:aadA24_1_AM711129:ant(3'')-Ia_1_X02340|0:0:0:1:0:0|0:0:0:0:0:0|0:0:0:0:0:1|1:1:1:0:1:1,ami,1,1:2:3:4,False
blaCMY-4_1_LNHZ01000079:blaCMY-68_1_JN714480|1:0|1:0|1:0|1:1,blm,1,1:1:1:2,False
blaNDM-1_1_FN396876|1|1|1|1,blm,4,1:1:1:1,True
blaOXA-2_1_DQ112222|1|1|1|1,blm,2,1:1:1:1,True
blaTEM-208_1_KC865667|1|1|1|1,blm,1,1:1:1:1,True
aac(6')-Ib-cr_1_DQ303918|0|0|1|1,qui,1,1:1:2:2,False
aac(6')-Ib-cr_1_DQ303918:aac(6')-Ib11_1_AY136758:aac(6')-Ib3_1_X60321|0:0:0|0:0:1|1:1:0|1:0:0,ami,1,1:2:3:4,False
aadA11_2_AJ567827:aadA15_1_DQ393783:aadA1_3_JQ414041:aadA1_5_JX185132:aadA24_1_AM711129:aadA2_1_NC_010870:aadA2_2_JQ364967:aadA5_1_AF137361:ant(3'')-Ia_1_X02340|0:0:0:0:0:1:0:1:1|0:0:0:1:0:0:1:1:0|0:0:0:0:0:0:1:1:1|1:1:1:0:1:0:1:1:0,ami,1,1:2:3:4,False
armA_1_AY220558|1|1|1|1,ami,3,1:1:1:1,True
dfrA17_1_FJ460238:dfrA29_1_AM237806|1:1|1:1|1:1|1:1,tri,1,1:1:1:1,True
blaCMY-2_1_X91840:blaCMY-81_1_JQ733578|1:0|1:0|1:0|1:1,blm,4,1:1:1:2,False
aadA2_2_JQ364967|0|0|0|1,ami,1,1:1:1:2,False
aph(3'')-Ib_2_AF024602:aph(3'')-Ib_5_AF321551|1:0|0:1|1:0|1:0,ami,22,1:2:1:1,False
aadA11_2_AJ567827:aadA12_1_AY665771:aadA17_1_FJ460181:aadA1_4_JQ480156:aadA24_1_AM711129:ant(3'')-Ia_1_X02340|0:0:0:0:0:1|0:0:0:1:0:0|0:0:0:1:0:0|1:1:1:1:1:0,ami,22,1:2:2:3,False
blaCMY-114_1_KM087846:blaCMY-2_1_X91840|0:1|0:1|0:1|1:1,blm,15,1:1:1:2,False
aadA4_1_Z50802|1|1|1|1,ami,4,1:1:1:1,True
dfrA21_1_AY552589:dfrA22_2_KF525301:dfrA22_5_AJ968952|1:0:0|1:0:0|1:0:0|1:1:1,tri,4,1:1:1:2,False
aadA11_2_AJ567827:aadA12_1_AY665771:aadA17_1_FJ460181:aadA1_3_JQ414041:aadA1_5_JX185132:aadA24_1_AM711129:ant(3'')-Ia_1_X02340|0:0:0:0:0:0:1|0:0:0:0:1:0:0|0:0:0:0:0:0:1|1:1:1:1:0:1:0,ami,5,1:2:1:3,False
aph(3')-Ia_3_EF015636|1|1|1|1,ami,1,1:1:1:1,True
aph(6)-Id_1_M28829:aph(6)-Id_4_CP000971|1:0|0:1|1:0|0:0,ami,11,1:2:1:3,False
qnrS1_1_AB187515:qnrS2_1_DQ485530|1:0|1:0|1:0|1:1,qui,19,1:1:1:2,False
ant(3'')-Ia_1_X02340|0|0|1|0,ami,1,1:1:2:1,False
aadA11_2_AJ567827:aadA15_1_DQ393783:aadA17_1_FJ460181:aadA1_3_JQ414041:aadA1_5_JX185132:aadA24_1_AM711129:ant(3'')-Ia_1_X02340|0:0:0:0:0:0:1|0:0:0:1:0:0:0|0:0:0:0:0:0:1|1:1:1:0:1:1:0,ami,1,1:2:1:3,False
aadA11_2_AJ567827:aadA12_1_AY665771:aadA17_1_FJ460181:aadA1_3_JQ414041:aadA24_1_AM711129:ant(3'')-Ia_1_X02340|0:0:0:0:0:1|0:0:0:1:0:0|0:0:0:1:0:0|1:1:1:1:1:0,ami,3,1:2:2:3,False
aadA11_2_AJ567827:aadA12_1_AY665771:aadA24_1_AM711129:aadA2_1_NC_010870:aadA2b_1_D43625:ant(3'')-Ia_1_X02340|0:0:0:1:0:0|0:0:1:0:1:0|0:0:0:1:0:1|1:1:1:1:0:1,ami,1,1:2:3:4,False
aadA11_2_AJ567827:aadA13_1_AY713504:aadA15_1_DQ393783:aadA17_1_FJ460181:aadA1_3_JQ414041:aadA1_5_JX185132:aadA24_1_AM711129:ant(3'')-Ia_1_X02340|0:0:0:0:0:0:0:1|0:1:0:0:0:1:0:0|0:0:0:0:0:0:0:1|1:0:1:1:1:0:1:0,ami,1,1:2:1:3,False
blaTEM-1B_1_AY458016:blaTEM-206_1_KC783461|1:0|0:1|1:0|1:0,blm,1,1:2:1:1,False
blaLEN17_1_EF205593:blaSHV-100_1_AM941846:blaSHV-153_1_JX121120:blaSHV-1_1_AF148850:blaSHV-48_1_AY263404|0:0:0:0:1|0:0:1:0:1|0:0:0:1:0|1:1:0:1:0,blm,2,1:2:3:4,False
aadA11_2_AJ567827:aadA12_1_AY665771:aadA17_1_FJ460181:aadA1_2_FJ591054:aadA1_3_JQ414041:aadA24_1_AM711129:ant(3'')-Ia_1_X02340|0:0:0:0:0:0:1|0:0:0:0:1:0:0|0:0:0:0:0:0:1|1:1:1:1:0:1:0,ami,6,1:2:1:3,False
blaCTX-M-14_1_AF252622|1|1|1|1,blm,6,1:1:1:1,True
blaTEM-33_1_GU371926|1|1|1|1,blm,3,1:1:1:1,True
aadA11_2_AJ567827:aadA15_1_DQ393783:aadA17_1_FJ460181:aadA1_4_JQ480156:aadA24_1_AM711129:ant(3'')-Ia_1_X02340|0:0:0:0:0:1|0:0:0:1:0:0|0:0:0:1:0:0|1:1:1:1:1:0,ami,7,1:2:2:3,False
dfrA1_10_AF203818:dfrA1_5_EU089668:dfrA1_7_AJ400733:dfrA1_8_X00926|0:0:0:1|1:0:0:0|0:1:0:0|0:0:1:1,tri,4,1:2:3:4,False
aadA11_2_AJ567827:aadA12_1_AY665771:aadA13_1_AY713504:aadA17_1_FJ460181:aadA1_3_JQ414041:aadA1_5_JX185132:aadA24_1_AM711129:ant(3'')-Ia_1_X02340|0:0:0:0:0:0:0:1|0:0:1:0:0:1:0:0|0:0:0:0:0:0:0:1|1:1:0:1:1:0:1:0,ami,5,1:2:1:3,False
aadA12_1_AY665771:aadA17_1_FJ460181:aadA1_3_JQ414041:aadA24_1_AM711129:aadA24_1_DQ677333:ant(3'')-Ia_1_X02340|0:0:0:0:0:1|0:0:1:0:0:0|0:0:0:0:0:1|1:1:0:1:1:0,ami,3,1:2:1:3,False
blaOXA-48_1_AY236073|1|1|1|1,blm,7,1:1:1:1,True
blaTEM-1A_1_HM749966|0|0|0|1,blm,1,1:1:1:2,False
dfrA17_1_FJ460238|1|0|1|0,tri,2,1:2:1:2,False
blaTEM-1B_1_AY458016:blaTEM-22_1_Y17583|1:0|0:1|1:0|1:0,blm,1,1:2:1:1,False
aadA15_1_DQ393783:aadA1_5_JX185132:aadA24_1_AM711129:ant(3'')-Ia_1_X02340|0:0:0:1|0:1:0:0|0:0:1:0|1:0:1:1,ami,1,1:2:3:4,False
dfrA15_2_AF221900|1|1|1|1,tri,10,1:1:1:1,True
blaLEN12_1_AJ635406:blaSHV-100_1_AM941846:blaSHV-102_1_EU024485:blaSHV-153_1_JX121120:blaSHV-1_1_AF148850:blaSHV-48_1_AY263404|0:0:0:0:0:1|0:0:1:1:0:0|0:0:0:0:1:0|1:1:0:0:1:0,blm,4,1:2:3:4,False
aadA11_2_AJ567827:aadA15_1_DQ393783:aadA17_1_FJ460181:aadA1_3_JQ414041:aadA1_4_JQ480156:aadA24_1_AM711129:ant(3'')-Ia_1_X02340|0:0:0:0:0:0:1|0:0:0:1:0:0:0|0:0:0:0:0:0:1|1:1:1:0:1:1:0,ami,1,1:2:1:3,False
blaTEM-1B_1_AY458016:blaTEM-30_1_AJ437107|1:0|0:1|1:0|1:0,blm,1,1:2:1:1,False
aadA15_1_DQ393783:aadA17_1_FJ460181:aadA1_4_JQ480156:aadA24_1_AM711129:ant(3'')-Ia_1_X02340|0:0:0:0:1|0:0:1:0:0|0:0:1:0:0|1:1:1:1:0,ami,8,1:2:2:3,False
blaNDM-5_1_JN104597|1|1|1|1,blm,2,1:1:1:1,True
sul2_10_AM183225:sul2_3_HQ840942|0:1|1:0|0:1|0:1,sul,1,1:2:1:1,False
blaTEM-30_1_AJ437107|1|1|1|1,blm,9,1:1:1:1,True
aac(6')-Ib-cr_1_DQ303918:aac(6')-Ib-cr_2_EF636461|1:0|0:1|0:1|0:1,ami,1,1:2:2:2,False
aadA11_2_AJ567827:aadA13_1_AY713504:aadA15_1_DQ393783:aadA1_5_JX185132:aadA24_1_AM711129:aadA2_1_NC_010870:aadA2_2_JQ364967:ant(3'')-Ia_1_X02340|0:0:0:0:0:1:0:1|0:1:0:1:0:0:1:0|0:0:0:0:0:0:1:1|1:0:1:1:1:0:1:0,ami,1,1:2:3:4,False
aadA12_1_AY665771:aadA17_1_FJ460181:aadA1_5_JX185132:aadA24_1_AM711129:ant(3'')-Ia_1_X02340|0:0:0:0:1|0:0:1:0:0|0:0:1:0:0|1:1:1:1:0,ami,6,1:2:2:3,False
aph(3'')-Ib_2_AF024602:aph(3'')-Ib_4_AF313472|1:0|0:1|1:0|1:0,ami,25,1:2:1:1,False
dfrA1_10_AF203818:dfrA1_5_EU089668:dfrA1_7_AJ400733:dfrA1_8_X00926:dfrA1_9_AJ238350|0:0:0:1:0|0:0:0:0:1|0:1:0:0:0|1:0:1:0:0,tri,17,1:2:3:4,False
dfrA1_10_AF203818:dfrA1_5_EU089668:dfrA1_7_AJ400733:dfrA1_8_X00926:dfrA1_9_AJ238350|0:0:0:1:0|0:0:0:0:1|0:1:0:0:1|1:0:1:0:0,tri,1,1:2:3:4,False
aph(3'')-Ib_2_AF024602:aph(3'')-Ib_5_AF321551|1:0|0:1|0:1|1:0,ami,1,1:2:2:1,False
sul2_2_AY034138:sul2_3_HQ840942|0:1|1:0|0:1|0:1,sul,2,1:2:1:1,False
blaTEM-126_1_AY628199:blaTEM-135_1_GQ896333:blaTEM-1B_1_AY458016|0:0:1|1:0:0|0:1:0|0:1:0,blm,3,1:2:3:3,False
blaCMY-114_1_KM087846:blaCMY-42_1_HM146927:blaDHA-1_1_Y16410|0:1:1|0:1:0|0:1:1|1:1:0,blm,1,1:2:1:3,False
aadA12_1_AY665771:aadA17_1_FJ460181:aadA1_3_JQ414041:aadA1_5_JX185132:aadA24_1_AM711129:aadA5_1_AF137361:ant(3'')-Ia_1_X02340|0:0:0:0:0:1:1|0:0:1:0:0:1:0|0:0:0:0:0:1:1|1:1:0:1:1:1:0,ami,1,1:2:1:3,False
blaCTX-M-14b_1_DQ359215|1|1|1|1,blm,11,1:1:1:1,True
blaOXA-244_1_KP659189|1|1|1|1,blm,4,1:1:1:1,True
aadA11_2_AJ567827:aadA13_1_AY713504:aadA15_1_DQ393783:aadA17_1_FJ460181:aadA1_5_JX185132:aadA24_1_AM711129:ant(3'')-Ia_1_X02340|0:0:0:0:0:0:1|0:1:0:0:1:0:0|0:0:0:0:0:0:1|1:0:1:1:0:1:1,ami,1,1:2:1:3,False
blaCMY-4_1_LNHZ01000079:blaCMY-81_1_JQ733578|1:0|1:0|1:0|1:1,blm,1,1:1:1:2,False
aadA11_2_AJ567827:aadA12_1_AY665771:aadA23_1_AJ809407:aadA2_1_NC_010870:aadA2_2_JQ364967:aadA5_1_AF137361|0:0:0:1:0:1|0:0:0:0:1:1|0:0:0:0:1:1|1:1:1:0:1:1,ami,1,1:2:2:3,False
aph(3')-VI_1_KC170992|1|1|1|1,ami,1,1:1:1:1,True
aadA11_2_AJ567827:aadA12_1_AY665771:aadA17_1_FJ460181:aadA1_3_JQ414041:aadA24_1_AM711129:ant(3'')-Ia_1_X02340|0:0:0:0:0:1|0:0:0:1:0:0|0:0:0:0:0:1|1:1:1:1:1:0,ami,11,1:2:1:3,False
aph(6)-Id_4_CP000971:aph(6)-Id_1_M28829|0:1|1:0|1:0|1:0,ami,7,1:2:2:2,False
blaTEM-1B_1_AY458016|0|0|0|1,blm,3,1:1:1:2,False
dfrA17_1_FJ460238|0|1|0|1,tri,2,1:2:1:2,False
dfrA14_4_AF393510:dfrA14_5_DQ388123:dfrA30_1_AM997279:dfrA5_1_X12868|0:1:0:1|1:0:0:1|1:0:0:1|0:1:1:1,tri,1,1:2:2:3,False
aadA5_1_AF137361:ant(3'')-Ia_1_X02340|1:0|1:0|1:1|1:0,ami,3,1:1:2:1,False
aadA12_1_AY665771:aadA17_1_FJ460181:aadA1_2_FJ591054:aadA24_1_AM711129:ant(3'')-Ia_1_X02340|0:0:0:0:1|0:0:0:1:0|0:0:0:0:1|1:1:1:1:0,ami,1,1:2:1:3,False
aadA11_2_AJ567827:aadA12_1_AY665771:aadA23_1_AJ809407:aadA2_1_NC_010870:aadA2b_1_D43625|0:0:0:1:0|0:0:0:0:1|0:0:0:1:0|1:1:1:0:1,ami,8,1:2:1:3,False
aadA11_2_AJ567827:aadA12_1_AY665771:aadA13_1_AY713504:aadA1_5_JX185132:aadA23_1_AJ809407:aadA24_1_AM711129:aadA8b_1_AY139603:ant(3'')-Ia_1_X02340|0:0:0:0:0:0:0:1|0:0:1:0:1:0:0:0|0:0:0:1:0:0:0:0|1:1:0:1:0:1:1:0,ami,1,1:2:3:4,False
dfrB1_1_U36276:dfrB6_1_DQ274503|1:0|1:0|1:0|1:1,tri,2,1:1:1:2,False
aadA11_2_AJ567827:aadA12_1_AY665771:aadA13_1_AY713504:aadA17_1_FJ460181:aadA22_1_AM261837:aadA24_1_AM711129:aadA2_1_NC_010870:aadA2_2_JQ364967:ant(3'')-Ia_1_X02340|0:0:0:0:0:0:1:0:1|0:0:1:0:0:0:0:1:0|0:0:0:0:0:0:0:1:1|1:1:1:1:1:1:0:0:0,ami,2,1:2:3:4,False
aph(3'')-Ib_2_AF024602:aph(3'')-Ib_4_AF313472:aph(3'')-Ib_5_AF321551|1:0:0|0:0:1|1:0:0|0:1:0,ami,1,1:2:1:3,False
aadA11_2_AJ567827:aadA15_1_DQ393783:aadA1_3_JQ414041:aadA24_1_AM711129:aadA2_1_NC_010870:aadA2_2_JQ364967:ant(3'')-Ia_1_X02340|0:0:0:0:1:0:1|0:0:1:0:0:1:0|0:0:0:0:0:1:1|1:1:0:1:0:1:1,ami,3,1:2:3:4,False
aadA11_2_AJ567827:aadA12_1_AY665771:aadA13_1_AY713504:aadA17_1_FJ460181:aadA1_3_JQ414041:aadA24_1_AM711129:ant(3'')-Ia_1_X02340|0:0:0:0:0:0:1|0:0:1:0:1:0:0|0:0:0:0:0:0:1|1:1:0:1:1:1:0,ami,4,1:2:1:3,False
dfrA1_5_EU089668:dfrA1_7_AJ400733:dfrA1_8_X00926:dfrA1_9_AJ238350|0:0:1:0|0:0:0:1|1:0:0:0|0:1:0:1,tri,11,1:2:3:4,False
aadA11_2_AJ567827:aadA12_1_AY665771:aadA17_1_FJ460181:aadA1_3_JQ414041:aadA1_4_JQ480156:aadA24_1_AM711129:ant(3'')-Ia_1_X02340|0:0:0:0:0:0:1|0:0:0:1:0:0:0|0:0:0:0:0:0:1|1:1:1:0:1:1:0,ami,4,1:2:1:3,False
aadA12_1_AY665771:aadA17_1_FJ460181:aadA1_5_JX185132:aadA24_1_AM711129:aadA24_1_DQ677333:ant(3'')-Ia_1_X02340|0:0:0:0:0:1|0:0:1:0:0:0|0:0:0:0:0:1|1:1:0:1:1:0,ami,2,1:2:1:3,False
aph(3'')-Ib_5_AF321551:aph(3'')-Ib_2_AF024602:aph(3'')-Ib_3_AF321550|0:1:0|0:0:1|0:1:0|1:0:0,ami,1,1:2:1:3,False
aadA11_2_AJ567827:aadA15_1_DQ393783:aadA1_3_JQ414041:aadA24_1_AM711129:aadA2_1_NC_010870:aadA2b_1_D43625:ant(3'')-Ia_1_X02340|0:0:0:0:1:0:1|0:0:1:0:0:1:0|0:0:0:0:1:0:1|1:1:1:1:1:0:0,ami,3,1:2:1:3,False
blaCMY-2_1_X91840:blaCMY-78_1_JQ733575|1:0|1:0|1:0|1:1,blm,1,1:1:1:2,False
blaCMY-42_1_HM146927:blaCMY-78_1_JQ733575|1:0|1:0|1:0|1:1,blm,2,1:1:1:2,False
aac(6')-Ib-cr_1_DQ303918:aac(6')-Ib-cr_2_EF636461|1:0|0:1|1:0|0:0,ami,1,1:2:1:3,False
sul1_2_U12338:sul1_5_EU780013:sul1_9_AY963803|0:1:0|1:0:0|0:0:1|1:0:0,sul,3,1:2:3:2,False
blaTEM-1B_1_AY458016:blaTEM-1D_1_AF188200|0:1|0:1|1:1|0:1,blm,3,1:1:2:1,False
blaTEM-135_1_GQ896333:blaTEM-1B_1_AY458016|0:1|0:1|1:0|1:0,blm,2,1:1:2:2,False
aadA11_2_AJ567827:aadA15_1_DQ393783:aadA17_1_FJ460181:aadA1_3_JQ414041:aadA24_1_AM711129:ant(3'')-Ia_1_X02340|0:0:0:0:0:1|0:0:0:1:0:0|0:0:0:0:0:1|1:1:1:1:1:0,ami,3,1:2:1:3,False
aph(3')-Ia_1_V00359:aph(3')-Ia_9_EU722351|1:0|0:1|1:0|1:0,ami,4,1:2:1:1,False
blaCMY-114_1_KM087846:blaCMY-2_1_X91840:blaCMY-44_1_FJ437066|0:1:0|0:1:0|0:1:0|1:0:1,blm,3,1:1:1:2,False
sul1_36_X15024:sul1_39_AY522923:sul1_5_EU780013:sul1_8_JN581942|0:0:1:0|0:1:0:0|1:0:0:0|0:0:0:1,sul,1,1:2:3:4,False
dfrA1_10_AF203818:dfrA1_7_AJ400733:dfrA1_8_X00926|0:0:1|1:0:0|0:0:1|0:1:1,tri,1,1:2:1:3,False
aadA11_2_AJ567827:aadA12_1_AY665771:aadA1_4_JQ480156:aadA24_1_AM711129:aadA2_1_NC_010870:aadA2b_1_D43625:ant(3'')-Ia_1_X02340|0:0:0:0:1:0:1|0:0:0:0:0:1:0|0:0:1:0:0:0:0|1:1:1:1:1:0:0,ami,1,1:2:3:4,False
aadA11_2_AJ567827:aadA13_1_AY713504:aadA15_1_DQ393783:aadA17_1_FJ460181:aadA1_4_JQ480156:aadA24_1_AM711129:ant(3'')-Ia_1_X02340|0:0:0:0:0:0:1|0:1:0:0:1:0:0|0:0:0:0:1:0:0|1:0:1:1:1:1:0,ami,1,1:2:3:4,False
sul1_5_EU780013:sul1_8_JN581942|0:0|0:0|1:0|0:1,sul,1,1:1:2:3,False
dfrA17_1_FJ460238:dfrA7_1_AB161450:dfrA7_2_AJ884724:dfrA7_5_AJ419170|1:0:0:1|1:0:0:0|1:1:0:0|1:0:1:0,tri,1,1:2:3:4,False
aadA11_2_AJ567827:aadA13_1_AY713504:aadA15_1_DQ393783:aadA1_3_JQ414041:aadA24_1_AM711129:aadA2_1_NC_010870:aadA2_2_JQ364967:ant(3'')-Ia_1_X02340|0:0:0:0:0:1:0:1|0:1:0:1:0:0:1:0|0:0:0:1:0:0:1:0|1:0:1:1:1:0:1:0,ami,4,1:2:3:4,False
aadA11_2_AJ567827:aadA12_1_AY665771:aadA17_1_FJ460181:aadA1_3_JQ414041:aadA1_5_JX185132:aadA24_1_AM711129:aadA2_1_NC_010870:aadA2b_1_D43625:ant(3'')-Ia_1_X02340|0:0:0:0:0:0:1:0:1|0:0:0:0:1:0:0:1:0|0:0:0:0:0:0:0:0:1|1:1:1:1:0:1:0:0:0,ami,1,1:2:3:4,False
aph(3'')-Ib_2_AF024602:aph(3'')-Ib_4_AF313472:aph(3'')-Ib_5_AF321551|1:0:0|0:1:0|0:0:1|0:0:1,ami,2,1:2:3:3,False
aph(6)-Id_1_M28829|1|0|1|1,ami,2,1:2:1:1,False
sul2_3_HQ840942:sul2_6_FN995456|0:1|1:0|1:0|1:0,sul,2,1:2:2:2,False
aph(3')-Ia_1_V00359|1|0|1|1,ami,4,1:2:1:1,False
aadA11_2_AJ567827:aadA15_1_DQ393783:aadA17_1_FJ460181:aadA1_5_JX185132:aadA24_1_AM711129:ant(3'')-Ia_1_X02340|0:0:0:0:0:1|0:0:0:1:0:0|0:0:0:1:0:0|1:1:1:1:1:0,ami,5,1:2:2:3,False
aph(6)-Id_4_CP000971|0|1|0|1,ami,1,1:2:1:2,False
sul2_10_AM183225:sul2_2_AY034138|0:0|1:0|0:0|0:1,sul,1,1:2:1:3,False
aph(6)-Id_1_M28829:aph(6)-Id_4_CP000971|1:0|0:1|1:0|0:1,ami,1,1:2:1:2,False
aph(3'')-Ib_3_AF321550:aph(3'')-Ib_1_M28829:aph(3'')-Ib_2_AF024602|0:1:1|1:0:0|0:0:1|0:0:1,ami,1,1:2:3:3,False
qnrB19_1_EU432277:qnrB48_1_JQ762640|1:0|1:0|1:0|1:1,qui,1,1:1:1:2,False
dfrA17_1_FJ460238|0|0|1|1,tri,2,1:1:2:2,False
dfrA1_10_AF203818:dfrA1_7_AJ400733:dfrA1_8_X00926|0:0:1|1:0:0|1:0:0|1:1:0,tri,1,1:2:2:3,False
aadA11_2_AJ567827:aadA12_1_AY665771:aadA13_1_AY713504:aadA17_1_FJ460181:aadA1_4_JQ480156:aadA24_1_AM711129:ant(3'')-Ia_1_X02340|0:0:0:0:0:0:1|0:0:1:0:1:0:0|0:0:0:0:1:0:0|1:1:0:1:1:1:0,ami,3,1:2:3:4,False
aph(3')-Ia_1_V00359:aph(3')-Ia_7_X62115|1:0|0:1|0:1|0:1,ami,1,1:2:2:2,False
aadA11_2_AJ567827:aadA12_1_AY665771:aadA23_1_AJ809407:aadA2_1_NC_010870:aadA2b_1_D43625:aadA5_1_AF137361|0:0:0:1:0:1|0:0:0:0:1:1|0:0:0:1:0:1|1:1:1:1:0:1,ami,4,1:2:1:3,False
blaCTX-M-27_1_AY156923|1|1|1|1,blm,3,1:1:1:1,True
aadA15_1_DQ393783:aadA17_1_FJ460181:aadA1_4_JQ480156:ant(3'')-Ia_1_X02340|0:0:0:1|0:0:1:0|0:0:1:0|1:1:1:0,ami,5,1:2:2:3,False
blaCMY-138_1_KT997883:blaCMY-15_1_AJ555823:blaCMY-16_1_AJ781421:blaCMY-2_1_X91840:blaCMY-78_1_JQ733575|0:0:0:1:0|0:0:1:0:0|1:0:0:0:0|0:1:0:0:1,blm,1,1:2:3:4,False
aadA11_2_AJ567827:aadA12_1_AY665771:aadA13_1_AY713504:aadA17_1_FJ460181:aadA1_3_JQ414041:aadA24_1_AM711129:ant(3'')-Ia_1_X02340|0:0:0:0:0:0:1|0:0:1:0:1:0:0|0:0:0:0:1:0:0|1:1:0:1:1:1:0,ami,5,1:2:3:4,False
aph(6)-Id_4_CP000971:aph(6)-Id_1_M28829|0:1|0:0|1:0|0:0,ami,1,1:2:3:2,False
blaIMP-28_1_JQ407409:blaIMP-70_1_MG748725|0:1|0:1|0:1|1:1,blm,2,1:1:1:2,False
aac(6')-Ib-cr_1_DQ303918|1|0|1|1,qui,1,1:2:1:1,False
aac(6')-Ib-cr_1_DQ303918:aac(6')-Ib3_1_X60321|1:0|0:1|1:0|1:0,ami,1,1:2:1:1,False
blaTEM-106_1_AY101578:blaTEM-135_1_GQ896333:blaTEM-1B_1_AY458016|0:0:1|1:0:0|0:1:0|0:1:0,blm,2,1:2:3:3,False
dfrA1_8_X00926|0|1|0|1,tri,1,1:2:1:2,False
aadA11_2_AJ567827:aadA15_1_DQ393783:aadA1_3_JQ414041:aadA24_1_AM711129:aadA2_1_NC_010870:aadA2_2_JQ364967:aadA2b_1_D43625:ant(3'')-Ia_1_X02340|0:0:0:0:0:1:0:1|0:0:1:0:0:0:1:0|0:0:0:0:1:0:0:1|1:1:1:1:1:0:0:0,ami,1,1:2:3:4,False
aadA11_2_AJ567827:aadA15_1_DQ393783:aadA17_1_FJ460181:aadA1_5_JX185132:ant(3'')-Ia_1_X02340|0:0:0:0:1|0:0:0:1:0|0:0:0:1:0|1:1:1:1:0,ami,1,1:2:2:3,False
aadA11_2_AJ567827:aadA12_1_AY665771:aadA13_1_AY713504:aadA17_1_FJ460181:aadA1_5_JX185132:aadA24_1_AM711129:ant(3'')-Ia_1_X02340|0:0:0:0:0:0:1|0:0:1:0:1:0:0|0:0:0:0:0:0:1|1:1:0:1:0:1:1,ami,2,1:2:1:3,False
aph(6)-Id_1_M28829|0|1|0|1,ami,2,1:2:1:2,False
aadA11_2_AJ567827:aadA15_1_DQ393783:aadA17_1_FJ460181:aadA1_4_JQ480156:ant(3'')-Ia_1_X02340|0:0:0:0:1|0:0:0:1:0|0:0:0:1:0|1:1:1:1:0,ami,1,1:2:2:3,False
aadA11_2_AJ567827:aadA12_1_AY665771:aadA13_1_AY713504:aadA17_1_FJ460181:aadA1_4_JQ480156:aadA24_1_AM711129|0:0:0:0:1:0|0:0:1:0:1:0|0:0:0:0:1:0|1:1:0:1:1:1,ami,1,1:2:1:3,False
ant(2'')-Ia_1_X04555|1|1|1|1,ami,8,1:1:1:1,True
dfrA19_1_EU855687|1|1|1|1,tri,1,1:1:1:1,True
aadA11_2_AJ567827:aadA12_1_AY665771:aadA17_1_FJ460181:aadA1_4_JQ480156:aadA24_1_AM711129:ant(3'')-Ia_1_X02340|0:0:0:0:0:1|0:0:0:1:0:0|0:0:0:0:0:1|1:1:1:1:1:0,ami,3,1:2:1:3,False
aadA12_1_AY665771:aadA13_1_AY713504:aadA17_1_FJ460181:aadA1_3_JQ414041:aadA24_1_AM711129:ant(3'')-Ia_1_X02340|0:0:0:0:0:1|0:1:0:1:0:0|0:0:0:0:0:1|1:0:1:1:1:0,ami,2,1:2:1:3,False
blaCMY-114_1_KM087846:blaCMY-138_1_KT997883:blaCMY-2_1_X91840|0:0:1|0:0:1|0:1:0|1:1:0,blm,1,1:1:2:3,False
blaOXA-1_1_HQ170510|0|1|0|0,blm,1,1:2:1:1,False
aadA12_1_AY665771:aadA17_1_FJ460181:aadA1_3_JQ414041:aadA1_5_JX185132:aadA24_1_AM711129:ant(3'')-Ia_1_X02340|0:0:0:0:0:1|0:0:0:1:0:0|0:0:0:0:0:1|1:1:1:0:1:0,ami,1,1:2:1:3,False
aadA11_2_AJ567827:aadA12_1_AY665771:aadA13_1_AY713504:aadA17_1_FJ460181:aadA1_3_JQ414041:aadA24_1_AM711129:ant(3'')-Ia_1_X02340|0:0:0:0:0:0:1|0:0:1:0:1:0:0|0:0:0:0:0:0:1|1:1:0:1:0:1:1,ami,3,1:2:1:3,False
aadA11_2_AJ567827:aadA12_1_AY665771:aadA22_1_AM261837:aadA24_1_AM711129:aadA8b_2_AM040708:ant(3'')-Ia_1_X02340|0:0:1:0:0:0|0:0:1:0:0:0|0:0:0:0:0:1|1:1:1:1:1:0,ami,1,1:1:2:3,False
sul2_6_FN995456|1|1|1|1,sul,5,1:1:1:1,True
dfrA1_7_AJ400733:dfrA1_8_X00926:dfrA1_9_AJ238350|0:1:0|0:0:1|0:1:0|1:1:0,tri,1,1:2:1:3,False
qnrB19_1_EU432277:qnrB49_1_JQ582718:qnrB5_1_DQ303919|0:0:1|1:0:0|1:0:0|1:1:0,qui,1,1:2:2:3,False
aadA11_2_AJ567827:aadA12_1_AY665771:aadA13_1_AY713504:aadA17_1_FJ460181:aadA1_3_JQ414041:aadA24_1_AM711129:ant(3'')-Ia_1_X02340|0:0:0:0:1:0:0|0:0:1:0:1:0:0|0:0:0:0:0:0:1|1:1:0:1:1:1:0,ami,1,1:2:3:4,False
dfrA14_1_KF921535|0|1|0|1,tri,1,1:2:1:2,False
aadA12_1_AY665771:aadA17_1_FJ460181:aadA1_4_JQ480156:aadA1_5_JX185132:aadA24_1_AM711129:ant(3'')-Ia_1_X02340|0:0:0:0:0:1|0:0:0:1:0:0|0:0:1:0:0:0|1:1:1:0:1:0,ami,1,1:2:3:4,False
blaCMY-2_1_X91840:blaCMY-90_1_HE819404|1:0|1:0|1:0|1:1,blm,1,1:1:1:2,False
blaACT-15_1_JX440356|0|0|0|1,blm,1,1:1:1:2,False
aac(6')-Ib-cr_1_DQ303918|0|0|1|0,qui,1,1:1:2:1,False
aac(6')-Ib-Hangzhou_1_FJ503047:aac(6')-Ib-cr_1_DQ303918:aac(6')-Ib3_1_X60321|0:0:0|0:0:1|0:1:0|1:0:0,ami,1,1:2:3:4,False
ant(2'')-Ia_6_AJ871915|1|1|1|1,ami,1,1:1:1:1,True
blaTEM-1B_1_AY458016:blaTEM-1D_1_AF188200|1:0|0:0|1:1|1:0,blm,1,1:2:3:1,False
blaTEM-35_1_KP860986|1|1|1|1,blm,2,1:1:1:1,True
blaCARB-2_1_M69058|1|1|1|1,blm,1,1:1:1:1,True
aph(6)-Id_1_M28829|1|0|1|0,ami,3,1:2:1:2,False
aadA12_1_AY665771:aadA17_1_FJ460181:aadA1_2_FJ591054:aadA1_3_JQ414041:aadA24_1_AM711129:ant(3'')-Ia_1_X02340|0:0:0:0:0:1|0:0:0:1:0:0|0:0:0:0:0:1|1:1:1:0:1:0,ami,1,1:2:1:3,False
aadA11_2_AJ567827:aadA15_1_DQ393783:aadA1_5_JX185132:aadA24_1_AM711129:aadA2_1_NC_010870:aadA2b_1_D43625:ant(3'')-Ia_1_X02340|0:0:0:0:1:0:1|0:0:1:0:0:1:0|0:0:0:0:1:0:1|1:1:1:1:1:0:0,ami,1,1:2:1:3,False
aph(6)-Id_1_M28829|0|0|1|1,ami,1,1:1:2:2,False
blaTEM-135_1_GQ896333:blaTEM-1B_1_AY458016|0:1|1:0|1:0|1:0,blm,1,1:2:2:2,False
sul2_2_AY034138:sul2_3_HQ840942:sul2_6_FN995456|0:1:0|1:0:0|0:0:1|0:1:0,sul,1,1:2:3:1,False
sul1_2_U12338|1|0|1|1,sul,2,1:2:1:1,False
aadA11_2_AJ567827:aadA15_1_DQ393783:aadA17_1_FJ460181:aadA1_3_JQ414041:aadA24_1_AM711129:aadA5_1_AF137361:ant(3'')-Ia_1_X02340|0:0:0:0:0:1:1|0:0:0:1:0:1:0|0:0:0:0:0:1:1|1:1:1:1:1:1:0,ami,1,1:2:1:3,False
aadA11_2_AJ567827:aadA12_1_AY665771:aadA1_3_JQ414041:aadA24_1_AM711129:aadA2_1_NC_010870:aadA2b_1_D43625:ant(3'')-Ia_1_X02340|0:0:0:0:1:0:1|0:0:1:0:0:1:0|0:0:0:0:1:0:1|1:1:1:1:1:0:0,ami,3,1:2:1:3,False
aadA15_1_DQ393783:aadA1_5_JX185132:aadA24_1_AM711129:ant(3'')-Ia_1_X02340|0:0:0:1|0:1:0:0|0:1:0:0|1:1:1:0,ami,1,1:2:2:3,False
aadA11_2_AJ567827:aadA15_1_DQ393783:aadA17_1_FJ460181:aadA1_5_JX185132:aadA24_1_AM711129:ant(3'')-Ia_1_X02340|0:0:0:0:0:1|0:0:0:1:0:0|0:0:0:0:0:1|1:1:1:0:1:1,ami,1,1:2:1:3,False
aadA11_2_AJ567827:aadA15_1_DQ393783:aadA24_1_AM711129:aadA2_1_NC_010870:aadA2_2_JQ364967:ant(3'')-Ia_1_X02340|0:0:0:1:0:1|0:0:0:0:1:0|0:0:0:0:1:1|1:1:1:0:1:1,ami,1,1:2:3:4,False
qepA4_1_KX580704|1|1|1|1,qui,1,1:1:1:1,True
aadA11_2_AJ567827:aadA13_1_AY713504:aadA15_1_DQ393783:aadA1_5_JX185132:aadA24_1_AM711129:aadA2_1_NC_010870:aadA2_2_JQ364967:ant(3'')-Ia_1_X02340|0:0:0:0:0:1:0:1|0:1:0:1:0:0:1:0|0:0:0:1:0:0:1:0|1:0:1:1:1:0:1:0,ami,1,1:2:3:4,False
sul1_2_U12338:sul1_5_EU780013:sul1_9_AY963803|0:1:0|1:0:0|1:0:0|0:0:1,sul,1,1:2:2:3,False
aadA11_2_AJ567827:aadA12_1_AY665771:aadA22_1_AM261837:aadA2_1_NC_010870:aadA2_2_JQ364967|0:0:0:1:0|0:0:0:0:1|0:0:0:0:1|1:1:1:0:1,ami,1,1:2:2:3,False
blaTEM-1B_1_AY458016|1|0|1|1,blm,2,1:2:1:1,False
sul1_22_AY115475:sul1_2_U12338:sul1_39_AY522923:sul1_5_EU780013|0:0:0:1|0:0:1:0|1:0:0:0|0:1:0:0,sul,1,1:2:3:4,False
sul1_17_AM746675:sul1_5_EU780013|0:1|0:0|1:0|0:0,sul,1,1:2:3:2,False
aadA11_2_AJ567827:aadA12_1_AY665771:aadA17_1_FJ460181:aadA1_4_JQ480156:aadA1_5_JX185132:aadA24_1_AM711129:ant(3'')-Ia_1_X02340|0:0:0:0:0:0:1|0:0:0:0:1:0:0|0:0:0:0:0:0:1|1:1:1:1:0:1:0,ami,1,1:2:1:3,False
blaCTX-M-189_1_FJ657512:blaCTX-M-55_1_DQ810789|1:0|1:0|0:1|0:1,blm,1,1:1:2:2,False
aadA11_2_AJ567827:aadA15_1_DQ393783:aadA1_3_JQ414041:aadA1b_1_M95287:aadA24_1_AM711129:aadA2_1_NC_010870:aadA2b_1_D43625:ant(3'')-Ia_1_X02340|0:0:0:0:0:1:0:1|0:0:1:0:0:0:1:0|0:0:0:0:0:1:0:0|1:1:0:1:1:1:0:0,ami,1,1:2:3:4,False
blaCTX-M-125_1_JQ724542:blaCTX-M-14_1_AF252622|0:1|1:0|1:0|1:0,blm,1,1:2:2:2,False
blaCTX-M-3_1_Y10278|1|1|1|1,blm,1,1:1:1:1,True
aph(3'')-Ib_5_AF321551|0|0|1|0,ami,1,1:1:2:1,False
aadA11_2_AJ567827:aadA12_1_AY665771:aadA1_3_JQ414041:aadA24_1_AM711129:aadA2_1_NC_010870:aadA2_2_JQ364967:ant(3'')-Ia_1_X02340|0:0:0:0:1:0:1|0:0:1:0:0:1:0|0:0:0:0:0:1:1|1:1:1:1:0:1:0,ami,1,1:2:3:4,False
aadA11_2_AJ567827:aadA13_1_AY713504:aadA15_1_DQ393783:aadA1_5_JX185132:aadA24_1_AM711129:aadA2_1_NC_010870:aadA2b_1_D43625:ant(3'')-Ia_1_X02340|0:0:0:0:0:1:0:1|0:1:0:1:0:0:1:0|0:0:0:0:0:1:0:1|1:0:1:1:1:0:1:0,ami,1,1:2:1:3,False
aadA15_1_DQ393783:aadA17_1_FJ460181:aadA1_3_JQ414041:aadA1_5_JX185132:aadA24_1_AM711129:ant(3'')-Ia_1_X02340|0:0:0:0:0:1|0:0:0:1:0:0|0:0:0:0:0:1|1:1:1:0:1:0,ami,1,1:2:1:3,False
aadA12_1_AY665771:aadA17_1_FJ460181:aadA1_4_JQ480156:ant(3'')-Ia_1_X02340|0:0:0:1|0:0:1:0|0:0:1:0|1:1:1:0,ami,2,1:2:2:3,False
aadA11_2_AJ567827:aadA15_1_DQ393783:aadA1_5_JX185132:aadA24_1_AM711129:ant(3'')-Ia_1_X02340|0:0:0:0:1|0:0:1:0:0|0:0:1:0:0|1:1:1:1:0,ami,1,1:2:2:3,False
aadA11_2_AJ567827:aadA12_1_AY665771:aadA17_1_FJ460181:aadA1_5_JX185132:aadA24_1_AM711129:ant(3'')-Ia_1_X02340|0:0:0:0:0:1|0:0:0:1:0:0|0:0:0:0:0:1|1:1:1:1:1:0,ami,1,1:2:1:3,False
aadA11_2_AJ567827:aadA12_1_AY665771:aadA23_1_AJ809407:aadA3_1_AF047479|0:0:0:1|0:0:0:1|0:0:0:1|1:1:1:1,ami,1,1:1:1:2,False
aadA11_2_AJ567827:aadA12_1_AY665771:aadA13_1_AY713504:aadA17_1_FJ460181:aadA1_2_FJ591054:aadA1_3_JQ414041:aadA24_1_AM711129:ant(3'')-Ia_1_X02340|0:0:0:0:0:0:0:1|0:0:1:0:0:1:0:0|0:0:0:0:0:0:0:1|1:1:0:1:1:0:1:0,ami,2,1:2:1:3,False
blaCTX-M-9_1_AF174129|1|1|1|1,blm,1,1:1:1:1,True
blaTEM-1B_1_AY458016|0|1|1|1,blm,2,1:2:2:2,False
aac(6')-Ib-Hangzhou_1_FJ503047|0|1|0|1,ami,1,1:2:1:2,False
aadA11_2_AJ567827:aadA12_1_AY665771:aadA23_1_AJ809407:aadA8b_2_AM040708|0:0:0:1|0:0:0:1|0:0:0:1|1:1:1:1,ami,1,1:1:1:2,False
aadA11_2_AJ567827:aadA13_1_AY713504:aadA15_1_DQ393783:aadA1_3_JQ414041:aadA24_1_AM711129:aadA2_1_NC_010870:aadA2_2_JQ364967:ant(3'')-Ia_1_X02340|0:0:0:0:0:1:0:1|0:1:0:1:0:0:1:0|0:0:0:0:0:1:0:0|1:0:1:1:1:0:1:0,ami,1,1:2:3:4,False
aadA11_2_AJ567827:aadA13_1_AY713504:aadA15_1_DQ393783:aadA1_3_JQ414041:aadA1b_1_M95287:aadA24_1_AM711129:aadA2_1_NC_010870:aadA2_2_JQ364967:ant(3'')-Ia_1_X02340|0:0:0:0:0:0:1:0:1|0:1:0:1:0:0:0:1:0|0:0:0:0:0:0:1:0:1|1:0:1:0:1:1:1:0:0,ami,1,1:2:1:3,False
dfrA17_6_AF180469|0|0|1|0,tri,1,1:1:2:1,False
blaTEM-1B_1_AY458016:blaTEM-1C_1_FJ560503|1:0|0:1|1:0|1:0,blm,2,1:2:1:1,False
aadA11_2_AJ567827:aadA15_1_DQ393783:aadA1_3_JQ414041:aadA24_1_AM711129:aadA2_1_NC_010870:aadA2_2_JQ364967:ant(3'')-Ia_1_X02340|0:0:0:0:1:0:1|0:0:0:0:0:1:0|0:0:0:0:0:0:1|1:1:1:1:0:1:0,ami,2,1:2:3:4,False
blaTEM-33_1_GU371926|0|1|0|0,blm,1,1:2:1:1,False
dfrA25_1_DQ267940|1|1|1|1,tri,2,1:1:1:1,True
aadA11_2_AJ567827:aadA13_1_AY713504:aadA15_1_DQ393783:aadA17_1_FJ460181:aadA1_3_JQ414041:aadA24_1_AM711129:aadA5_1_AF137361:ant(3'')-Ia_1_X02340|0:0:0:0:0:0:1:1|0:1:0:0:1:0:1:0|0:0:0:0:0:0:1:1|1:0:1:1:1:1:1:0,ami,1,1:2:1:3,False
aadA11_2_AJ567827:aadA15_1_DQ393783:aadA1_5_JX185132:aadA24_1_AM711129:aadA2_1_NC_010870:aadA2b_1_D43625:ant(3'')-Ia_1_X02340|0:0:0:0:1:0:1|0:0:1:0:0:1:0|0:0:0:0:1:0:1|1:1:0:1:1:0:1,ami,1,1:2:1:3,False
aadA11_2_AJ567827:aadA15_1_DQ393783:aadA1_3_JQ414041:aadA1_4_JQ480156:aadA24_1_AM711129:aadA2_1_NC_010870:aadA2_2_JQ364967:ant(3'')-Ia_1_X02340|0:0:0:0:0:1:0:1|0:0:1:0:0:0:1:0|0:0:0:1:0:0:1:0|1:1:0:1:1:0:1:0,ami,1,1:2:3:4,False
aac(3)-VIa_2_NC_009838|1|1|1|1,ami,2,1:1:1:1,True
aadA11_2_AJ567827:aadA12_1_AY665771:aadA17_1_FJ460181:aadA1_3_JQ414041:aadA24_1_AM711129:aadA5_1_AF137361:ant(3'')-Ia_1_X02340|0:0:0:0:0:1:1|0:0:0:1:0:1:0|0:0:0:0:0:1:1|1:1:1:0:1:1:1,ami,1,1:2:1:3,False
blaKPC-2_1_AY034847|1|1|1|1,blm,3,1:1:1:1,True
blaOXA-9_1_KQ089875|1|1|1|1,blm,3,1:1:1:1,True
blaTEM-1A_1_HM749966:blaTEM-1B_1_AY458016|1:0|1:0|0:1|0:1,blm,1,1:1:2:2,False
aadA12_1_AY665771:aadA13_1_AY713504:aadA17_1_FJ460181:aadA1_4_JQ480156:aadA24_1_AM711129:ant(3'')-Ia_1_X02340|0:0:0:0:0:1|0:1:0:1:0:0|0:0:0:1:0:0|1:0:1:1:1:0,ami,1,1:2:3:4,False
aph(3')-Ia_1_V00359:aph(3')-Ia_7_X62115|1:0|0:1|1:0|1:0,ami,2,1:2:1:1,False
aadA11_2_AJ567827:aadA12_1_AY665771:aadA17_1_FJ460181:aadA1_3_JQ414041:aadA24_1_AM711129:aadA5_1_AF137361:ant(3'')-Ia_1_X02340|0:0:0:0:0:1:1|0:0:0:1:0:1:0|0:0:0:0:0:1:1|1:1:1:1:1:1:0,ami,1,1:2:1:3,False
aph(3'')-Ib_4_AF313472|1|1|1|1,ami,1,1:1:1:1,True
aadA11_2_AJ567827:aadA12_1_AY665771:aadA17_1_FJ460181:aadA1_3_JQ414041:aadA1_4_JQ480156:aadA24_1_AM711129:aadA2_1_NC_010870:aadA2b_1_D43625:ant(3'')-Ia_1_X02340|0:0:0:0:0:0:1:0:1|0:0:0:1:0:0:0:1:0|0:0:0:0:1:0:1:0:0|1:1:1:0:1:1:0:0:0,ami,1,1:2:3:4,False
aadA11_2_AJ567827:aadA12_1_AY665771:aadA13_1_AY713504:aadA1_3_JQ414041:aadA24_1_AM711129:aadA2_1_NC_010870:aadA2b_1_D43625:ant(3'')-Ia_1_X02340|0:0:0:0:0:1:0:1|0:0:1:1:0:0:1:0|0:0:0:1:0:1:0:0|1:1:0:1:1:1:0:0,ami,1,1:2:3:4,False
aadA11_2_AJ567827:aadA12_1_AY665771:aadA13_1_AY713504:aadA17_1_FJ460181:aadA1_4_JQ480156:aadA24_1_AM711129:ant(3'')-Ia_1_X02340|0:0:0:0:0:0:1|0:0:1:0:1:0:0|0:0:0:0:0:0:1|1:1:0:1:1:1:0,ami,1,1:2:1:3,False
qnrB2_1_DQ351242:qnrB70_1_KC580659|1:0|1:0|1:0|1:1,qui,1,1:1:1:2,False
blaCMY-105_1_KJ207205:blaCMY-2_1_X91840|0:1|0:1|0:1|1:1,blm,1,1:1:1:2,False
aadA11_2_AJ567827:aadA12_1_AY665771:aadA13_1_AY713504:aadA23_1_AJ809407:aadA24_1_AM711129:aadA2_1_NC_010870:aadA2b_1_D43625:aadA3_1_AF047479|0:0:1:0:0:1:0:0|0:0:1:0:1:0:1:0|0:0:1:0:0:1:0:0|1:1:1:1:1:0:0:1,ami,1,1:2:1:3,False
blaLEN12_1_AJ635406:blaSHV-100_1_AM941846:blaSHV-153_1_JX121120:blaSHV-1_1_AF148850:blaSHV-48_1_AY263404|0:0:0:0:1|0:0:1:0:1|0:0:0:1:0|1:1:0:0:1,blm,1,1:2:3:4,False
aadA11_2_AJ567827:aadA12_1_AY665771:aadA17_1_FJ460181:aadA1_2_FJ591054:aadA1_5_JX185132:aadA24_1_AM711129:ant(3'')-Ia_1_X02340|0:0:0:0:0:0:1|0:0:0:0:1:0:0|0:0:0:0:0:0:1|1:1:1:1:0:1:0,ami,1,1:2:1:3,False
aadA11_2_AJ567827:aadA15_1_DQ393783:aadA2_1_NC_010870:aadA2_2_JQ364967:ant(3'')-Ia_1_X02340|0:0:1:0:0|0:0:0:1:0|0:0:0:1:0|1:1:0:1:1,ami,1,1:2:2:3,False
aadA11_2_AJ567827:aadA12_1_AY665771:aadA17_1_FJ460181:aadA1_3_JQ414041:aadA24_1_AM711129:ant(3'')-Ia_1_X02340|0:0:0:1:0:0|0:0:0:1:0:0|0:0:0:0:0:1|1:1:1:1:1:0,ami,1,1:1:2:3,False
blaCMY-68_1_JN714480:blaCMY-6_1_AJ011293|0:1|0:1|0:1|1:1,blm,1,1:1:1:2,False
aac(6')-Ib3_1_X60321:aac(6')-Ib_1_M21682|0:1|1:0|1:0|1:0,ami,2,1:2:2:2,False
rmtC_1_AB194779|1|1|1|1,ami,1,1:1:1:1,True
dfrA29_1_AM237806|1|1|1|1,tri,1,1:1:1:1,True
aadA11_2_AJ567827:aadA15_1_DQ393783:aadA1_3_JQ414041:aadA24_1_AM711129:aadA2_1_NC_010870:aadA2b_1_D43625:ant(3'')-Ia_1_X02340|0:0:0:0:1:0:1|0:0:1:0:0:1:0|0:0:0:0:1:0:1|1:1:0:1:1:0:1,ami,1,1:2:1:3,False
aph(3'')-Ib_2_AF024602:aph(3'')-Ib_4_AF313472:aph(3'')-Ib_5_AF321551|1:0:0|0:1:0|1:0:0|0:0:1,ami,2,1:2:1:3,False
aph(3')-Ia_1_V00359|0|1|0|0,ami,1,1:2:1:1,False
aph(3'')-Ib_3_AF321550:aph(3'')-Ib_2_AF024602|0:1|1:0|0:1|0:1,ami,2,1:2:1:1,False
aadA15_1_DQ393783:aadA17_1_FJ460181:aadA1_5_JX185132:aadA24_1_AM711129:ant(3'')-Ia_1_X02340|0:0:0:0:1|0:0:1:0:0|0:0:1:0:0|1:1:1:1:0,ami,2,1:2:2:3,False
blaLEN12_1_AJ635406:blaSHV-100_1_AM941846:blaSHV-102_1_EU024485:blaSHV-153_1_JX121120:blaSHV-1_1_AF148850:blaSHV-48_1_AY263404|0:0:0:0:0:1|0:0:1:1:0:0|0:0:0:0:1:0|1:1:0:0:0:1,blm,1,1:2:3:4,False
ant(3'')-Ia_1_X02340|1|0|1|0,ami,2,1:2:1:2,False
aadA11_2_AJ567827:aadA12_1_AY665771:aadA13_1_AY713504:aadA1_3_JQ414041:aadA24_1_AM711129:aadA24_1_DQ677333:aadA2_1_NC_010870:aadA2_2_JQ364967:ant(3'')-Ia_1_X02340|0:0:0:0:0:0:1:0:1|0:0:1:0:0:1:0:1:0|0:0:0:0:0:0:0:1:1|1:1:0:1:1:0:0:1:0,ami,1,1:2:3:4,False
aadA11_2_AJ567827:aadA15_1_DQ393783:aadA1_3_JQ414041:aadA24_1_AM711129:aadA2_1_NC_010870:aadA2_2_JQ364967:aadA2b_1_D43625:ant(3'')-Ia_1_X02340|0:0:0:0:1:0:0:1|0:0:1:0:0:0:1:0|0:0:0:0:1:0:0:1|1:1:1:1:0:1:0:0,ami,1,1:2:1:3,False
blaLEN5_1_AY633109:blaSHV-100_1_AM941846:blaSHV-102_1_EU024485:blaSHV-153_1_JX121120:blaSHV-1_1_AF148850:blaSHV-48_1_AY263404|0:0:0:0:0:1|0:0:1:1:0:0|0:0:0:0:1:0|1:1:0:0:0:1,blm,1,1:2:3:4,False
aadA11_2_AJ567827:aadA12_1_AY665771:aadA22_1_AM261837:aadA24_1_AM711129:aadA2b_1_D43625:ant(3'')-Ia_1_X02340|0:0:0:0:0:1|0:0:1:0:0:0|0:0:1:0:0:0|1:1:1:1:1:0,ami,1,1:2:2:3,False
aadA11_2_AJ567827:aadA12_1_AY665771:aadA15_1_DQ393783:aadA1_3_JQ414041:aadA24_1_AM711129:aadA2_1_NC_010870:ant(3'')-Ia_1_X02340|0:0:0:0:0:1:1|0:0:1:1:0:0:0|0:1:0:0:0:1:1|1:1:0:1:1:1:0,ami,1,1:2:3:4,False
blaOXA-181_1_CM004561|1|1|1|1,blm,1,1:1:1:1,True
aadA11_2_AJ567827:aadA13_1_AY713504:aadA15_1_DQ393783:aadA1_3_JQ414041:aadA24_1_AM711129:aadA2_1_NC_010870:aadA2_2_JQ364967:aadA2b_1_D43625:ant(3'')-Ia_1_X02340|0:0:0:0:0:1:0:0:1|0:1:0:0:0:0:0:1:0|0:0:0:0:0:1:0:0:1|1:0:1:1:1:0:1:0:0,ami,1,1:2:1:3,False
blaLEN13_1_AJ635403:blaSHV-100_1_AM941846:blaSHV-153_1_JX121120:blaSHV-1_1_AF148850:blaSHV-48_1_AY263404|0:0:0:0:1|0:0:1:1:0|0:0:0:1:0|1:1:0:1:0,blm,1,1:2:3:4,False
blaTEM-1A_1_HM749966:blaTEM-1C_1_FJ560503|1:0|0:1|1:0|1:0,blm,2,1:2:1:1,False
aph(3'')-Ib_5_AF321551:aph(3'')-Ib_2_AF024602|0:1|1:0|0:1|0:1,ami,2,1:2:1:1,False
blaOXA-1_1_HQ170510|1|0|0|0,blm,1,1:2:2:2,False
aadA11_2_AJ567827:aadA12_1_AY665771:aadA17_1_FJ460181:aadA1_3_JQ414041:aadA24_1_AM711129|0:0:0:1:0|0:0:0:1:0|0:0:0:1:0|1:1:1:1:1,ami,1,1:1:1:2,False
blaLEN17_1_EF205593:blaSHV-100_1_AM941846:blaSHV-102_1_EU024485:blaSHV-153_1_JX121120:blaSHV-1_1_AF148850:blaSHV-48_1_AY263404|0:0:0:0:0:1|0:0:1:1:0:0|0:0:0:0:1:0|1:1:0:0:0:1,blm,1,1:2:3:4,False
aadA15_1_DQ393783:aadA17_1_FJ460181:aadA1_3_JQ414041:aadA24_1_AM711129:ant(3'')-Ia_1_X02340|0:0:0:0:1|0:0:1:0:0|0:0:0:0:1|1:1:1:1:0,ami,1,1:2:1:3,False
aadA5_1_AF137361|1|0|1|0,ami,2,1:2:1:2,False
aadA11_2_AJ567827:aadA13_1_AY713504:aadA15_1_DQ393783:aadA1_3_JQ414041:aadA24_1_AM711129:aadA2_2_JQ364967:ant(3'')-Ia_1_X02340|0:0:0:0:0:0:1|0:1:0:1:0:1:0|0:0:0:1:0:0:0|1:0:1:1:1:1:0,ami,1,1:2:3:4,False
aadA11_2_AJ567827:aadA12_1_AY665771:aadA17_1_FJ460181:aadA1_3_JQ414041:aadA24_1_AM711129:aadA2_1_NC_010870:aadA2_2_JQ364967:ant(3'')-Ia_1_X02340|0:0:0:0:0:1:0:1|0:0:0:1:0:0:1:0|0:0:0:0:0:0:1:1|1:1:1:1:1:0:0:0,ami,1,1:2:3:4,False
aadA5_1_AF137361|0|1|1|1,ami,1,1:2:2:2,False
sul1_2_U12338|0|1|0|1,sul,1,1:2:1:2,False
dfrA17_1_FJ460238|0|1|1|1,tri,1,1:2:2:2,False
blaTEM-1B_1_AY458016|0|1|0|1,blm,1,1:2:1:2,False
blaCMY-114_1_KM087846:blaCMY-42_1_HM146927|0:1|0:1|0:1|1:1,blm,1,1:1:1:2,False
blaTEM-1C_1_FJ560503:blaTEM-40_1_FR717535|1:0|0:1|1:0|1:0,blm,1,1:2:1:1,False
aph(6)-Ic_1_X01702|1|0|1|0,ami,1,1:2:1:2,False
aadA11_2_AJ567827:aadA12_1_AY665771:aadA1_3_JQ414041:aadA24_1_AM711129:aadA2_1_NC_010870:aadA2b_1_D43625:aadA8b_1_AY139603:ant(3'')-Ia_1_X02340|0:0:0:0:1:0:0:1|0:0:1:0:0:1:0:0|0:0:0:0:1:0:0:1|1:1:0:1:0:0:1:1,ami,1,1:2:1:3,False
aadA11_2_AJ567827:aadA12_1_AY665771:aadA17_1_FJ460181:aadA1_5_JX185132:ant(3'')-Ia_1_X02340|0:0:0:0:1|0:0:0:1:0|0:0:0:1:0|1:1:1:1:0,ami,1,1:2:2:3,False
aadA12_1_AY665771:aadA13_1_AY713504:aadA17_1_FJ460181:aadA1_5_JX185132:aadA24_1_AM711129:ant(3'')-Ia_1_X02340|0:0:0:0:0:1|0:1:0:1:0:0|0:0:0:1:0:0|1:0:1:1:1:0,ami,1,1:2:3:4,False
aadA11_2_AJ567827:aadA12_1_AY665771:aadA23_1_AJ809407:aadA24_1_AM711129:aadA2_1_NC_010870:aadA2b_1_D43625|0:0:0:0:1:0|0:0:0:0:0:1|0:0:0:0:1:0|1:1:1:1:0:1,ami,2,1:2:1:3,False
aadA11_2_AJ567827:aadA12_1_AY665771:aadA13_1_AY713504:aadA1_4_JQ480156:aadA24_1_AM711129:aadA2_1_NC_010870:aadA2b_1_D43625:ant(3'')-Ia_1_X02340|0:0:0:0:0:1:0:1|0:0:1:0:0:0:1:0|0:0:0:1:0:1:0:0|1:1:0:1:1:1:0:0,ami,1,1:2:3:4,False
sul2_2_AY034138:sul2_6_FN995456|1:0|1:0|1:0|0:1,sul,2,1:1:1:2,False
dfrA1_10_AF203818:dfrA1_7_AJ400733:dfrA1_8_X00926|0:0:1|0:0:1|1:0:0|1:1:0,tri,1,1:1:2:3,False
blaCTX-M-189_1_FJ657512|1|1|1|1,blm,1,1:1:1:1,True
dfrA17_1_FJ460238:dfrA32_1_GU067642|1:0|1:0|1:0|1:1,tri,1,1:1:1:2,False
aph(6)-Id_4_CP000971:aph(6)-Id_1_M28829|0:1|1:0|0:1|0:1,ami,1,1:2:1:1,False
blaTEM-1C_1_FJ560503|0|0|0|1,blm,2,1:1:1:2,False
aadA11_2_AJ567827:aadA15_1_DQ393783:aadA1_3_JQ414041:aadA24_1_AM711129:aadA2_1_NC_010870:aadA2_2_JQ364967:ant(3'')-Ia_1_X02340|0:0:0:0:0:1:1|0:0:1:0:0:1:0|0:0:0:0:1:0:1|1:1:1:1:0:1:0,ami,1,1:2:3:4,False
sul2_2_AY034138|1|0|1|1,sul,1,1:2:1:1,False
aadA11_2_AJ567827:aadA13_1_AY713504:aadA15_1_DQ393783:aadA17_1_FJ460181:aadA24_1_AM711129:aadA24_1_DQ677333:ant(3'')-Ia_1_X02340|0:0:0:0:0:0:1|0:1:0:0:0:1:0|0:0:0:0:0:0:1|1:0:1:1:1:0:1,ami,1,1:2:1:3,False
sul2_3_HQ840942:sul2_6_FN995456|1:0|0:1|0:1|1:0,sul,1,1:2:2:1,False
dfrA1_5_EU089668:dfrA1_7_AJ400733:dfrA1_8_X00926:dfrA1_9_AJ238350|0:0:1:0|0:0:0:1|1:0:0:0|0:1:1:0,tri,3,1:2:3:4,False
aadA11_2_AJ567827:aadA13_2_NC010643:aadA15_1_DQ393783:aadA1_3_JQ414041:aadA24_1_AM711129:aadA2_1_NC_010870:aadA2_2_JQ364967:ant(3'')-Ia_1_X02340|0:0:0:0:0:1:0:1|0:0:0:1:0:0:1:0|0:0:0:0:0:0:1:1|1:1:1:1:1:0:1:0,ami,1,1:2:3:4,False
blaTEM-40_1_FR717535|1|1|1|1,blm,1,1:1:1:1,True
blaTEM-1B_1_AY458016:blaTEM-1D_1_AF188200|0:1|0:0|1:1|0:1,blm,1,1:2:3:1,False
blaCTX-M-55_1_DQ810789|1|1|1|1,blm,1,1:1:1:1,True
blaLEN17_1_EF205593:blaSHV-100_1_AM941846:blaSHV-153_1_JX121120:blaSHV-1_1_AF148850:blaSHV-48_1_AY263404|0:0:0:0:1|0:0:1:1:0|0:0:0:1:0|1:1:0:1:0,blm,2,1:2:3:4,False
qnrB1_1_DQ351241:qnrB68_1_KC580657|1:0|1:0|1:0|1:1,qui,1,1:1:1:2,False
blaTEM-1B_1_AY458016:blaTEM-207_1_KC818234:blaTEM-30_1_AJ437107|1:0:0|1:0:0|0:0:1|0:1:0,blm,1,1:1:2:3,False
aadA11_2_AJ567827:aadA12_1_AY665771:aadA13_1_AY713504:aadA1_3_JQ414041:aadA24_1_AM711129:aadA2_1_NC_010870:aadA2_2_JQ364967:ant(3'')-Ia_1_X02340|0:0:0:0:0:0:1:1|0:0:1:1:0:0:1:0|0:0:0:0:0:1:0:1|1:1:0:1:1:0:1:0,ami,1,1:2:3:4,False
aph(6)-Id_4_CP000971|0|0|0|1,ami,1,1:1:1:2,False
aadA11_2_AJ567827:aadA13_1_AY713504:aadA15_1_DQ393783:aadA17_1_FJ460181:aadA1_5_JX185132:aadA24_1_AM711129:ant(3'')-Ia_1_X02340|0:0:0:0:0:0:1|0:1:0:0:1:0:0|0:0:0:0:1:0:0|1:0:1:1:1:1:0,ami,1,1:2:3:4,False
aph(3'')-Ib_2_AF024602:aph(3'')-Ib_3_AF321550:aph(3'')-Ib_5_AF321551|1:0:0|0:1:0|0:0:1|0:0:1,ami,1,1:2:3:3,False
sul2_10_AM183225:sul2_2_AY034138:sul2_3_HQ840942|0:1:0|1:0:0|0:1:0|0:0:1,sul,1,1:2:1:3,False
dfrA1_5_EU089668:dfrA1_7_AJ400733:dfrA1_8_X00926:dfrA1_9_AJ238350|0:0:1:0|0:0:0:1|1:0:0:0|1:1:0:0,tri,1,1:2:3:4,False
aadA15_1_DQ393783:aadA17_1_FJ460181:aadA1_3_JQ414041:aadA1_5_JX185132:ant(3'')-Ia_1_X02340|0:0:0:0:1|0:0:0:1:0|0:0:0:0:1|1:1:1:0:0,ami,1,1:2:1:3,False
blaTEM-84_1_AF427130|1|1|1|1,blm,1,1:1:1:1,True
aadA11_2_AJ567827:aadA12_1_AY665771:aadA17_1_FJ460181:aadA22_1_AM261837:aadA24_1_AM711129:ant(3'')-Ia_1_X02340|0:0:0:1:0:0|0:0:0:0:0:0|0:0:0:0:0:1|1:1:1:1:1:0,ami,1,1:2:3:4,False
blaLEN12_1_AJ635406:blaSHV-100_1_AM941846:blaSHV-102_1_EU024485:blaSHV-153_1_JX121120:blaSHV-1_1_AF148850:blaSHV-48_1_AY263404|0:0:0:0:0:1|0:0:1:1:0:0|0:0:0:0:0:1|1:1:0:0:1:0,blm,1,1:2:1:3,False
aadA12_1_AY665771:aadA17_1_FJ460181:aadA1_3_JQ414041:aadA24_1_AM711129:ant(3'')-Ia_1_X02340|0:0:0:0:1|0:0:1:0:0|0:0:0:0:1|1:1:0:1:1,ami,1,1:2:1:3,False
dfrA17_1_FJ460238|0|1|0|0,tri,1,1:2:1:1,False
sul1_39_AY522923:sul1_5_EU780013:sul1_8_JN581942|0:1:0|1:0:0|1:0:0|0:0:1,sul,1,1:2:2:3,False
blaOXA-181_1_CM004561:blaOXA-204_1_KP027885|1:0|1:0|1:0|1:1,blm,1,1:1:1:2,False
blaTEM-1B_1_AY458016|1|0|0|0,blm,1,1:2:2:2,False
blaTEM-21_1_Y17582|0|1|0|0,blm,1,1:2:1:1,False
aadA15_1_DQ393783:aadA1_4_JQ480156:ant(3'')-Ia_1_X02340|0:0:1|0:1:0|0:1:0|1:1:0,ami,2,1:2:2:3,False
blaCTX-M-139_1_KC107824:blaCTX-M-15_1_AY044436:blaCTX-M-183_1_KX263246|1:0:0|0:0:0|0:0:1|0:1:0,blm,1,1:2:3:4,False
aph(3'')-Ib_3_AF321550:aph(3'')-Ib_4_AF313472:aph(3'')-Ib_2_AF024602|0:0:1|0:1:0|0:0:1|1:0:0,ami,1,1:2:1:3,False
aadA15_1_DQ393783:aadA1_4_JQ480156:aadA24_1_AM711129:aadA24_1_DQ677333:aadA2b_1_D43625:aadA3_1_AF047479|0:0:0:0:0:0|0:0:0:1:1:0|0:0:0:0:0:0|1:1:1:0:0:1,ami,1,1:2:1:3,False
sul3_2_AJ459418|0|1|0|1,sul,1,1:2:1:2,False
dfrA12_8_AM040708|0|1|0|1,tri,1,1:2:1:2,False
dfrA14_4_AF393510|0|1|0|1,tri,1,1:2:1:2,False
aadA11_2_AJ567827:aadA15_1_DQ393783:aadA17_1_FJ460181:aadA1_3_JQ414041:aadA24_1_AM711129:ant(3'')-Ia_1_X02340|0:0:0:0:0:1|0:0:0:1:0:0|0:0:0:0:0:1|1:1:1:0:1:1,ami,1,1:2:1:3,False
aadA15_1_DQ393783|0|1|0|0,ami,1,1:2:1:1,False
blaTEM-1A_1_HM749966:blaTEM-57_1_FJ405211|1:0|1:0|0:1|1:0,blm,1,1:1:2:1,False
aadA11_2_AJ567827:aadA12_1_AY665771:aadA21_1_AY171244:aadA2_1_NC_010870:aadA2b_1_D43625:aadA5_1_AF137361|0:0:0:1:0:1|0:0:0:0:1:1|0:0:0:1:0:1|1:1:1:1:0:1,ami,1,1:2:1:3,False
dfrA7_1_AB161450|1|0|0|0,tri,1,1:2:2:2,False
blaCMY-42_1_HM146927:blaCMY-90_1_HE819404|1:0|1:0|1:0|1:1,blm,1,1:1:1:2,False
blaTEM-1B_1_AY458016|0|1|0|0,blm,1,1:2:1:1,False
aadA11_2_AJ567827:aadA12_1_AY665771:aadA17_1_FJ460181:aadA1_2_FJ591054:aadA1_5_JX185132:ant(3'')-Ia_1_X02340|0:0:0:0:0:1|0:0:0:0:1:0|0:0:0:0:0:1|1:1:1:1:0:0,ami,1,1:2:1:3,False
sul2_10_AM183225:sul2_2_AY034138:sul2_3_HQ840942:sul2_6_FN995456|0:0:1:0|1:0:0:0|0:1:0:0|0:0:0:1,sul,1,1:2:3:4,False
aadA11_2_AJ567827:aadA12_1_AY665771:aadA23_1_AJ809407:aadA24_1_AM711129:aadA2_1_NC_010870:aadA2b_1_D43625:aadA5_1_AF137361|0:0:0:0:1:0:1|0:0:0:0:0:1:1|0:0:0:0:1:0:1|1:1:1:1:1:0:1,ami,1,1:2:1:3,False
aadA11_2_AJ567827:aadA13_1_AY713504:aadA15_1_DQ393783:aadA1_3_JQ414041:aadA24_1_AM711129:aadA2_1_NC_010870:aadA2b_1_D43625:ant(3'')-Ia_1_X02340|0:0:0:0:0:1:0:1|0:1:0:1:0:0:1:0|0:0:0:0:0:1:0:1|1:0:1:1:1:0:1:0,ami,1,1:2:1:3,False
aadA11_2_AJ567827:aadA12_1_AY665771:aadA13_1_AY713504:aadA23_1_AJ809407:aadA24_1_AM711129:aadA2_1_NC_010870:aadA2b_1_D43625|0:0:1:0:0:1:0|0:0:1:0:1:0:1|0:0:1:0:0:1:0|1:1:1:1:1:0:1,ami,1,1:2:1:3,False
aadA11_2_AJ567827:aadA12_1_AY665771:aadA17_1_FJ460181:aadA1_3_JQ414041:aadA1_4_JQ480156:aadA24_1_AM711129:aadA2_1_NC_010870:aadA2b_1_D43625:ant(3'')-Ia_1_X02340|0:0:0:0:0:0:1:0:1|0:0:0:0:0:0:0:1:0|0:0:0:0:1:0:0:0:0|1:1:1:1:0:1:0:0:0,ami,1,1:2:3:4,False
sul2_9_FJ197818|0|0|0|1,sul,1,1:1:1:2,False
blaTEM-143_1_DQ075245:blaTEM-1B_1_AY458016:blaTEM-232_1_MH079593|0:1:0|1:0:0|0:1:0|0:0:1,blm,1,1:2:1:3,False
aadA11_2_AJ567827:aadA13_1_AY713504:aadA15_1_DQ393783:aadA1_3_JQ414041:aadA24_1_AM711129:aadA2_1_NC_010870:aadA2_2_JQ364967:aadA5_1_AF137361:ant(3'')-Ia_1_X02340|0:0:0:0:0:1:0:1:1|0:1:0:1:0:0:1:1:0|0:0:0:0:0:0:1:1:1|1:0:1:1:1:0:1:1:0,ami,1,1:2:3:4,False
blaDHA-12_1_HG798963:blaDHA-1_1_Y16410|0:1|0:1|0:1|1:1,blm,1,1:1:1:2,False
qnrB34_1_JN173056:qnrB4_1_DQ303921|0:1|0:1|0:1|1:1,qui,1,1:1:1:2,False
aadA12_1_AY665771:aadA13_1_AY713504:aadA13_2_NC010643:aadA17_1_FJ460181:aadA22_1_AM261837:ant(3'')-Ia_1_X02340|0:0:0:0:0:1|0:1:0:0:0:1|0:0:0:0:0:1|1:0:1:1:1:0,ami,1,1:2:1:3,False
aadA11_2_AJ567827:aadA12_1_AY665771:aadA1_3_JQ414041:aadA24_1_AM711129:aadA2_1_NC_010870:aadA2_2_JQ364967:ant(3'')-Ia_1_X02340|0:0:0:0:1:0:1|0:0:1:0:0:1:0|0:0:1:0:0:1:0|1:1:1:1:0:1:0,ami,1,1:2:2:3,False
qnrS1_1_AB187515|1|0|0|1,qui,1,1:2:2:1,False
